ST,TYPE,year,clsrmnths_mean,eligmnths_mean,ipemnths_mean,clsrmnths_sd,eligmnths_sd,ipemnths_sd,clsrmnths_median,eligmnths_median,ipemnths_median,clsrmnths_min,eligmnths_min,ipemnths_min,clsrmnths_max,eligmnths_max,ipemnths_max
Alabama,Combined,2008,30.77230181,29.4883198,28.25313196,26.80202649,26.57602397,25.85553364,22.31666667,21,20.1,0.033333333,0,0,247.4,238.6666667,237.9333333
Alabama,Combined,2009,29.85048416,28.63206216,27.55629408,26.85282543,26.70122449,26.28566557,21.96666667,20.56666667,19.33333333,0.633333333,0.233333333,0.033333333,316.8333333,307.2666667,304.2
Alabama,Combined,2010,44.17362263,42.83222092,41.37765173,33.73977248,33.49555125,32.90500584,36.56666667,35.06666667,33.76666667,0.1,0.1,0.1,352.6666667,349.3666667,349.3666667
Alabama,Combined,2011,30.49655113,29.17646781,27.85836447,25.9393914,25.69320445,25.23190408,22.93333333,21.6,19.83333333,0.2,0.2,0.1,269.2666667,264.9333333,264.9333333
Alaska,Combined,2008,24.40334903,22.84992151,19.00172684,18.24054945,18.165741,17.09485393,18.66666667,16.93333333,13.8,3.133333333,2,0.633333333,116.3,114.5333333,111.0333333
Alaska,Combined,2009,24.8322314,23.15863833,19.36084219,20.5124488,20.44527194,19.39964553,18.96666667,17.03333333,13.2,1.5,1.333333333,0.433333333,174.2,174.2,158.8666667
Alaska,Combined,2010,24.40195627,22.71668585,18.79493671,19.85424887,19.84911283,19.26081498,18.43333333,16.9,12,2.366666667,0.5,0.5,141.2333333,139.4,137.3
Alaska,Combined,2011,23.54442156,21.78922073,17.59392379,19.1519717,19.0920958,18.1397517,18.36666667,16.66666667,11.93333333,2.666666667,2.266666667,1,161.6,160.2,152.8
American Samoa,Combined,2008,27.71212121,26.37121212,21.37727273,15.19168369,15.02037873,9.735292184,21.98333333,21.76666667,20.2,5.033333333,3.566666667,3.1,63.96666667,62.3,40.43333333
American Samoa,Combined,2009,27.58455285,26.25772358,24.96260163,14.18670758,14.05591419,13.73736226,27.86666667,26.76666667,24.76666667,4.333333333,3.366666667,3.366666667,63.36666667,61.73333333,59.73333333
American Samoa,Combined,2010,39.904,37.73466667,34.91466667,29.02755288,29.68142186,29.81403019,36.4,35.33333333,30.46666667,7.933333333,4.666666667,3.233333333,140.3,139.0333333,137.9333333
American Samoa,Combined,2011,25.61388889,23.67777778,22.28888889,18.84467638,18.83708611,18.65522078,23.03333333,20.61666667,19.4,7.066666667,6.066666667,4.866666667,81.33333333,78.5,77
Arizona,Combined,2008,31.37626292,30.21401646,27.02106774,26.05083547,25.86067592,25.33949662,22.56666667,21.23333333,17.61666667,2.1,1.133333333,0.633333333,182.4333333,180.4333333,171.4333333
Arizona,Combined,2009,28.84641248,27.69395725,24.74923166,27.13414218,26.88105938,26.4414604,19.8,18.83333333,15.6,1.466666667,1.166666667,1.033333333,278.2666667,272.5,272.5
Arizona,Combined,2010,30.80191285,29.61855122,25.90267119,21.68653783,21.5773743,20.93441463,24.06666667,22.76666667,18.53333333,7.4,4.433333333,0.733333333,234,233,233
Arizona,Combined,2011,37.45171841,36.24794941,31.60997828,21.68985515,21.5229977,21.73800168,31.7,30.43333333,27.13333333,7.733333333,5.433333333,0.933333333,242.7333333,220.7333333,220.7333333
Arkansas,Blind,2008,21.91666667,21.30071138,20.74054878,21.20343304,21.10616055,20.6187427,14.96666667,14.18333333,14.08333333,3.6,3.4,3.233333333,133.9,132.6,132.6
Arkansas,Blind,2009,23.44289733,22.78670886,21.83917018,20.65775166,20.56838777,19.36519406,14.98333333,14.45,13.96666667,1.133333333,0.933333333,0.5,130.4,130.1666667,129.6333333
Arkansas,Blind,2010,21.46147959,20.80178571,19.91921769,22.18430674,21.69296731,20.74923703,15.08333333,14.35,13.83333333,0.466666667,0.3,0.3,201.3666667,184.0666667,184.0666667
Arkansas,Blind,2011,24.17769841,23.55730159,22.79642857,25.78051901,25.60580707,24.51833793,16.03333333,15.28333333,15.13333333,2.566666667,2,1.766666667,165.5,164.8,164.8
Arkansas,General,2008,34.10980647,29.92341875,29.11738566,28.89139001,25.84294559,25.94874332,24.43333333,21.7,20.56666667,0.5,0.4,0,186.7333333,176.4666667,176.4666667
Arkansas,General,2009,29.60568173,28.26870549,27.32723184,25.31110554,24.94432235,24.90132442,21.66666667,20.26666667,19.13333333,0.433333333,0,0,186.3,179.1666667,179.1666667
Arkansas,General,2010,28.07684246,26.80444895,25.91789047,25.13624294,24.8500764,24.81291413,19.31666667,17.86666667,17,0.533333333,0.266666667,0,180.9666667,178.6333333,178.6333333
Arkansas,General,2011,27.8216635,26.59723924,25.82162828,24.10704357,23.79018962,23.69384794,19.96666667,18.63333333,18.16666667,0.233333333,0.233333333,0,235.3333333,225.0666667,225.0666667
California,Combined,2008,32.85005781,31.60784674,29.57120279,27.71276386,27.38643409,26.69850425,24.33333333,23.03333333,21,0.466666667,0.166666667,0.166666667,277.5666667,273.1666667,270.6666667
California,Combined,2009,28.6804094,27.51845195,25.74146978,25.37837924,25.06820089,24.45103421,20.26666667,19.03333333,17.4,0.4,0,0,283.6666667,281.2666667,281.2666667
California,Combined,2010,30.6623399,29.47473306,27.58453676,24.98739672,24.7621012,24.19147003,23.43333333,22.13333333,20.26666667,0.266666667,0.266666667,0.2,305.5333333,301.6,301.6
California,Combined,2011,31.88863183,30.67290302,28.77940817,26.15142317,25.95158693,25.40131338,24.36666667,23.1,21.16666667,0.2,0.2,0,267.2,264.7,264.7
Colorado,Combined,2008,26.85375949,25.27621847,22.3038942,27.65691999,27.24110993,26.45669703,16.95,15.33333333,12.38333333,3,1.1,0.733333333,245.2,242.3,242.3
Colorado,Combined,2009,28.80299134,27.25997264,24.16963976,26.01146979,25.55265764,25.03000095,20.76666667,19.4,16.2,3.266666667,3.033333333,0.233333333,239.4,237.8666667,234.6
Colorado,Combined,2010,35.48850147,33.94311173,29.38286068,27.7671629,27.48410147,27.87914213,26.9,25.76666667,22.86666667,3.033333333,1.3,0,254.3,250.7,250.7
Colorado,Combined,2011,32.58086672,30.90203053,26.17034614,27.7921756,27.48103601,27.24850659,26.11666667,24.55,15.5,2.7,0.8,0,248.1666667,221.1,219.0666667
Connecticut,Blind,2008,34.30569106,33.91165312,28.48943089,37.51041767,36.99865453,29.75333516,20.53333333,19.8,17.83333333,4.733333333,4.566666667,4.333333333,205.5,193.5,182.5
Connecticut,Blind,2009,37.07777778,36.69647696,33.35745257,38.87472586,38.66078762,36.75937889,20.96666667,20.8,19.33333333,5.4,5.2,4.766666667,306,303,302
Connecticut,Blind,2010,50.48108747,50.1108747,44.5822695,56.74845223,56.47689013,52.52028112,25.4,25.36666667,20.53333333,3.966666667,3.8,3.266666667,401.5,399.5,398.5
Connecticut,Blind,2011,48.44400871,47.96753813,41.74575163,47.31502575,47.16064386,41.62708311,31.8,31.53333333,25.3,4.833333333,4.8,4.766666667,270.1333333,267,195.4333333
Connecticut,General,2008,21.15985061,19.82969188,16.5070028,20.25351856,20.18151965,18.68543223,14.5,13.36666667,10.2,2.033333333,1.833333333,0,246.2,243.9666667,222.9666667
Connecticut,General,2009,22.36326894,21.02833265,17.49482121,19.4644977,19.47375974,18.06194311,16.26666667,15.06666667,11.73333333,2,0.233333333,0,176.8666667,174.4333333,172.4333333
Connecticut,General,2010,23.96485746,22.92677266,19.27370249,20.34909625,20.42598697,18.83339341,18.5,17.65,13.73333333,1.433333333,1.333333333,0.966666667,162.5666667,160.7666667,159.7666667
Connecticut,General,2011,23.37670445,22.14943322,18.26505668,19.02885114,19.17580331,17.48730843,17.5,16.33333333,12.06666667,1.833333333,1.166666667,0.6,163.8333333,163.3,148.3666667
Delaware,Blind,2008,61.5,59.44444444,49.90277778,54.9667005,54.96496,54.87092533,46.98333333,44.95,23.2,4.733333333,4.166666667,3.3,200.5333333,199.5,189.2666667
Delaware,Blind,2009,27.23518519,26.33611111,17.39351852,28.35594274,27.6740442,19.7758548,12.21666667,12.21666667,10.06666667,4,3.3,0.7,102.9666667,101,96.3
Delaware,Blind,2010,24.92295082,24.33606557,18.80874317,27.54962562,27.23144716,22.55697141,16.13333333,16.1,12.73333333,2.866666667,2.866666667,2.866666667,123.4333333,121.5666667,107.6333333
Delaware,Blind,2011,15.62205128,15.08205128,12.30974359,15.52565896,14.64966946,13.2171405,10.33333333,10.03333333,6.866666667,3.4,3.033333333,2.633333333,89,77.53333333,71.5
Delaware,General,2008,18.10549273,16.92875606,15.07361335,16.84993222,16.55779517,16.33782466,12.58333333,11.66666667,10.08333333,1.433333333,1.266666667,0.266666667,152.8,149.4666667,148.7666667
Delaware,General,2009,18.6868377,17.54748094,15.61238148,14.80055389,14.58727396,14.54068531,14.43333333,13.3,11.33333333,1.1,1.1,0.266666667,174.6333333,174.6,174.6
Delaware,General,2010,22.55675742,21.31812607,18.92026,16.42892752,16.25254114,16.49063286,17.96666667,16.7,14.53333333,2.666666667,2.033333333,0.2,170.4,169.3333333,169.3333333
Delaware,General,2011,21.60246785,20.32078554,17.24582899,16.59252068,16.46116937,16.55529609,17.43333333,15.85,11.63333333,1.266666667,0.633333333,0.466666667,185.9333333,184.1,183.1
District of Columbia,Combined,2008,28.80880808,26.9269899,23.03313131,23.57596567,24.00314331,23.10845533,20.43333333,18.4,14.53333333,0.566666667,0.566666667,0.566666667,181.7666667,181.7666667,179.7666667
District of Columbia,Combined,2009,29.565615,27.60603567,23.68884316,25.00358229,25.33906685,23.82767743,21.03333333,18.4,15,2.466666667,1.733333333,0.233333333,219.8,217.8,215.8
District of Columbia,Combined,2010,28.8402735,26.83740171,23.44789744,23.65106046,23.68534654,22.42014572,21.63333333,19.56666667,16.36666667,2.833333333,1.2,0.4,150.4333333,149.3666667,148.3666667
District of Columbia,Combined,2011,25.76383358,23.79566132,20.97647725,20.80101135,20.68294203,19.64104616,19.93333333,18,14.73333333,0.1,0.1,0,156.0666667,156.0666667,154.0666667
Florida,Blind,2008,23.75494277,22.23662851,21.22702046,30.29041097,29.22709509,26.62886343,13.06666667,11.7,11.16666667,0.666666667,0.5,0.3,343.3333333,343.3333333,180.3
Florida,Blind,2009,24.6614238,23.12670265,22.26304292,27.75415069,27.13934955,25.58388197,14.56666667,13.06666667,12.46666667,0.066666667,0.066666667,0.066666667,285.0333333,285.0333333,173.0666667
Florida,Blind,2010,26.22671488,24.89292132,24.07775586,29.09655897,28.76920341,26.68224703,16.56666667,15.4,15.16666667,0.9,0.666666667,0.466666667,343.6333333,343.6333333,210.5333333
Florida,Blind,2011,26.92171216,25.62349049,24.90181969,31.07505823,30.59533587,29.47660646,16.11666667,14.9,14.36666667,1.4,0.933333333,0.7,263.2333333,263.2333333,204.1666667
Florida,General,2008,19.55273361,18.3325317,16.74282932,18.05149779,17.66503729,17.0820376,13.73333333,12.56666667,11.13333333,0.2,0.2,0,233.5333333,209.7666667,205.3666667
Florida,General,2009,23.92426019,22.55816118,20.57691467,17.20187793,16.92592841,16.66291773,18.98333333,17.63333333,15.56666667,1.466666667,1,0.066666667,231.5666667,225.0333333,225.0333333
Florida,General,2010,26.69087694,25.16551579,21.86959779,17.74913735,17.68921984,18.18433817,23.1,21.66666667,17.7,1.3,0.266666667,0.033333333,188.5666667,187.7,187.6333333
Florida,General,2011,25.66595528,24.00280541,19.99485184,18.18753592,18.1950308,18.37110564,21,19.23333333,13.66666667,0.9,0.133333333,0,196.9,195.2333333,194.9
Georgia,Combined,2008,28.80507183,27.46909789,25.50826499,24.14549585,23.8488917,23.50654188,22.43333333,20.9,18.36666667,1.366666667,1.066666667,0.9,273,251.3333333,251.3333333
Georgia,Combined,2009,30.57767857,29.22758387,26.90767947,26.11585329,25.83879904,25.40435715,22.83333333,21.43333333,18.46666667,1.366666667,0.466666667,0.433333333,246.4333333,243.6,243.6
Georgia,Combined,2010,28.81273773,27.47220985,25.13345858,25.45828763,25.23333134,24.75385646,21.43333333,19.86666667,16.9,1.4,0.933333333,0.266666667,273.8666667,271.2,271.2
Georgia,Combined,2011,28.12163078,26.74757188,24.25352441,25.01575865,24.75805698,24.17387646,20.53333333,18.86666667,15.53333333,0.633333333,0.366666667,0.333333333,276.4333333,274.6666667,274.6666667
Guam,Combined,2008,20.93693694,18.46486486,13.24414414,19.77950489,19.02506785,11.0515237,14.53333333,12.1,9.5,3.7,3.6,2.233333333,87.23333333,84.26666667,54.83333333
Guam,Combined,2010,31.43412698,27.57857143,24.11666667,23.13303283,18.83180701,18.9807437,26,24.65,19.88333333,8.566666667,6.633333333,3.366666667,114.9333333,90.8,89.13333333
Guam,Combined,2011,39.65229885,35.51954023,27.80977011,29.79954348,29.69721473,23.96814732,33.15,26.46666667,19.88333333,5.6,4.866666667,1.8,171.3,169.2333333,133.1333333
Hawaii,Combined,2008,30.89328537,29.66346922,27.40183853,27.08864063,26.55861458,25.51111859,21.45,20.2,18.05,1.366666667,1.066666667,0.066666667,172.4666667,169.4,166.4666667
Hawaii,Combined,2009,46.221841,44.78108787,42.24719665,38.10907499,37.55427005,36.48825635,34.43333333,33.33333333,31.23333333,3.533333333,2.666666667,1.533333333,240.8333333,239.7333333,239.1666667
Hawaii,Combined,2010,45.1485906,43.75064877,41.36836689,29.41398936,28.79137986,28.14274031,36.4,34.63333333,32.83333333,12.4,10.46666667,0.966666667,220.3666667,206.1666667,206.1
Hawaii,Combined,2011,54.77974504,53.51430595,49.88361662,28.57308846,28.35867505,28.37145022,46.26666667,45.43333333,41.65,2.466666667,2.433333333,1.566666667,203.6666667,202.0666667,197.6
Idaho,Blind,2008,26.61187739,25.71264368,24.72183908,24.5528839,24.44388091,23.30894286,18,16.33333333,16.33333333,3.4,3.366666667,3.133333333,111.0666667,110.5666667,97.23333333
Idaho,Blind,2009,30.26996337,29.36263736,28.11575092,30.84751148,30.61236692,29.61282561,18.53333333,18,15.86666667,4.066666667,3.533333333,2.2,161.9,157.6666667,136.3666667
Idaho,Blind,2010,30.44507937,29.66412698,27.23333333,30.66913312,30.77185857,29.55993224,18.63333333,18.2,16.56666667,3.9,3.466666667,3.466666667,147.8666667,147.6666667,147.5333333
Idaho,Blind,2011,27.37407407,26.25518519,24.39888889,24.17981627,23.9921253,24.09874321,18.36666667,17.4,16.4,0.766666667,0.366666667,0.2,112.5333333,112,111.8
Idaho,General,2008,24.57466104,23.5308263,21.11596316,24.11129371,23.7949967,23.30464025,16.11666667,15,12.43333333,1.333333333,0.666666667,0.2,319.8666667,290.9333333,290.9333333
Idaho,General,2009,23.56936307,22.55891034,20.26890812,22.01421527,21.9062302,21.45963423,15.51666667,14.33333333,11.93333333,2,1.633333333,0.7,214.0333333,207.8333333,207.8333333
Idaho,General,2010,24.24283001,23.21355914,20.70156168,22.12693883,22.0177917,21.46714783,17.1,15.9,13.33333333,2.266666667,1.6,0.9,212,207.2,205.6333333
Idaho,General,2011,23.71754638,22.63593421,20.144607,20.24951873,20.12261729,19.60884221,17.61666667,16.5,13.46666667,0.533333333,0.066666667,0.033333333,216,215.1,203.3
Illinois,Combined,2008,25.61138457,24.24343462,19.81256245,23.0665446,23.01320389,21.82222705,17.93333333,16.2,12.16666667,1.1,1.066666667,0.666666667,286.4333333,283.5333333,283.5333333
Illinois,Combined,2009,25.30040806,23.94855582,19.41219928,22.99931117,22.91996416,21.50497549,17.73333333,16.23333333,12.13333333,0.466666667,0.033333333,0.033333333,254.3666667,247.9,247.9
Illinois,Combined,2010,24.42697834,23.15682655,18.18748895,21.94936583,21.83335969,19.85737666,17.6,16.06666667,12,0.666666667,0.233333333,0.133333333,284.3333333,261.5666667,261.5666667
Illinois,Combined,2011,25.6208374,24.33805233,19.30340535,22.40260863,22.31578373,19.95558745,18.93333333,17.53333333,13.2,0.366666667,0.333333333,0.133333333,211.9,210.7333333,207.9
Indiana,Combined,2008,21.98720036,20.78907483,18.48701442,19.73064539,19.56671681,19.34530038,15.26666667,14.2,11.9,1.5,1.433333333,0.3,228.5666667,226.6333333,221.4333333
Indiana,Combined,2009,21.56143418,20.35246363,17.99188964,19.35404938,19.23372067,19.09283047,15.36666667,14.2,11.7,1.533333333,0.6,0.3,221.1666667,220.6,219.8
Indiana,Combined,2010,21.30431382,20.05873372,17.57926702,18.05727125,17.98147415,17.79560261,15.96666667,14.66666667,11.9,1.6,0.966666667,0.066666667,249.1,245.3333333,245.2666667
Indiana,Combined,2011,22.99895171,21.67129061,19.09361694,18.72959641,18.68026393,18.46543647,17.53333333,16.1,13.06666667,1.4,0.233333333,0.166666667,272.3,267.1666667,267.1333333
Iowa,Blind,2008,40.1657971,38.79797101,36.95884058,41.23102705,39.94050163,39.24562784,25.3,24.4,23.23333333,1.933333333,1.833333333,1.8,280.1333333,260.1,260.1
Iowa,Blind,2009,35.26695652,34.25594203,32.84144928,28.49562139,27.99281569,27.44428614,26.63333333,26.46666667,24.9,3.733333333,2.966666667,2.9,141.4666667,140.3,139.3
Iowa,Blind,2010,32.2975976,31.30540541,29.85405405,28.48683223,28.19805335,27.25389567,21.36666667,18.93333333,17.9,3.633333333,3.633333333,2.066666667,137.5333333,135.9,135.9
Iowa,Blind,2011,29.88151815,29.08250825,28.27557756,28.3317072,28.19608073,27.81345114,17.93333333,17.06666667,16.36666667,2.066666667,1.333333333,0.466666667,169.2333333,168.6,167.2666667
Iowa,General,2008,35.11392645,33.91901542,24.90361803,25.3847733,25.14068824,24.40010184,29.43333333,28.3,14.91666667,1.7,1.6,0.066666667,221.4333333,220.4333333,219.8333333
Iowa,General,2009,34.03920795,32.92136225,25.31837976,26.92588381,26.66414921,24.89731948,26.43333333,25.26666667,16.43333333,1.433333333,1.033333333,0,225.2333333,224.2333333,223.7666667
Iowa,General,2010,31.0247645,29.98102714,23.8966576,25.17254382,24.97982322,22.4601225,22.7,21.66666667,16.83333333,1.866666667,1.566666667,0.333333333,236.3666667,233.3666667,233.1333333
Iowa,General,2011,36.21065464,35.11907983,28.29092351,25.1270586,24.98862446,22.81547188,28.8,27.66666667,22.5,2.866666667,1.933333333,0.233333333,249.4,246.4,246.3666667
Kansas,Combined,2008,28.07153649,26.6151325,23.55234775,20.10799059,19.99801584,19.82541921,23.03333333,21.7,18.38333333,1.133333333,1.066666667,0,182.4333333,179.1666667,169.2333333
Kansas,Combined,2009,23.63865556,22.17119237,19.26559257,18.87458318,18.75400089,18.08965661,17.83333333,16.25,13.26666667,0.566666667,0.466666667,0,142.3333333,137.4666667,136.8333333
Kansas,Combined,2010,25.02883972,23.53511253,20.91460614,20.48751936,20.39507164,19.73323817,18.83333333,17.3,14.71666667,0.833333333,0.7,0,211.3333333,211.1666667,211.1666667
Kansas,Combined,2011,23.13218648,21.68727273,19.42870862,18.87411221,18.80581678,18.21127133,17.3,15.86666667,13.76666667,0.9,0.633333333,0.033333333,153.5333333,152.6333333,152.6333333
Kentucky,Blind,2008,28.25583913,27.56179428,24.91686002,30.50797475,30.28563546,27.55910415,15.66666667,14.53333333,13.46666667,2.366666667,2.1,2.1,200.2666667,193.1666667,193.1666667
Kentucky,Blind,2009,23.73371736,23.1124424,21.28525346,25.98387683,25.69573449,23.73654264,12.81666667,12.4,11.48333333,1.4,0.766666667,0.6,159.5666667,158.9666667,147.9666667
Kentucky,Blind,2010,23.4459176,22.77602996,20.45865169,27.06229017,26.9172276,24.69398897,12.76666667,11.86666667,10.56666667,0.366666667,0.366666667,0.366666667,161.4333333,159.7,159.7
Kentucky,Blind,2011,21.88598061,21.24623415,19.52766592,25.04444644,24.9279266,23.31213467,12.76666667,11.76666667,11.16666667,0.7,0.166666667,0.166666667,188.2333333,187.8,169.8666667
Kentucky,General,2008,33.93594532,32.82470622,29.15497382,30.85444395,30.66830502,29.4538972,23.73333333,22.63333333,17.86666667,0.233333333,0.066666667,0.066666667,246.4333333,241.1,228.4666667
Kentucky,General,2009,39.28143908,38.12945935,34.29271606,33.20636666,33.06338499,31.86396949,29.43333333,28.1,23.83333333,0.633333333,0.4,0,241.4,236.8333333,223.9666667
Kentucky,General,2010,30.47672657,29.27452431,26.03242307,27.69505525,27.6055953,26.49383866,20.86666667,19.43333333,15.66666667,0.666666667,0.333333333,0,227.9333333,215.7666667,206.2666667
Kentucky,General,2011,33.24911119,31.98368999,28.47491508,30.43936833,30.29856944,29.43883009,23.76666667,22.36666667,18.43333333,0.333333333,0.233333333,0.033333333,259.7333333,255.8333333,253.7
Louisiana,Combined,2008,31.20132234,29.37093423,26.27709085,29.91602274,29.40324442,27.86792621,18.53333333,16.66666667,14.36666667,1.066666667,0.933333333,0.066666667,277.3333333,267.1666667,244.7
Louisiana,Combined,2009,34.94075349,33.07749646,29.81378705,31.60651321,31.20083895,29.94987359,23.3,21.66666667,19.13333333,0.8,0.633333333,0.3,258.9333333,256.7333333,255.8333333
Louisiana,Combined,2010,35.16811745,33.35290157,30.08070249,31.53951704,31.09982939,29.99955388,24.85,23.16666667,19.58333333,1.366666667,1.2,0.3,293.7666667,282.8,282.8
Louisiana,Combined,2011,33.59341004,31.8067643,28.73003487,29.72717752,29.44105686,28.23826933,23.4,21.66666667,19.3,1.333333333,0.433333333,0.033333333,326.1666667,321.1,317.1
Maine,Blind,2008,33.05532646,31.17353952,27.45292096,36.40579195,34.07939699,30.68920132,17.33333333,16.33333333,14.7,5,3.266666667,3.066666667,177.3,173.9666667,155.3666667
Maine,Blind,2009,34.58707865,33.44456929,30.12378277,34.55273218,34.19709497,31.72559849,22.43333333,21.01666667,18.31666667,3.666666667,2.633333333,0.233333333,195.2333333,195.2333333,195.2333333
Maine,Blind,2010,46.29967159,44.57356322,39.69343186,48.56076875,47.68402989,44.06085888,29.36666667,27.96666667,25.3,5.066666667,3.233333333,2.566666667,310.9666667,306.9666667,283.9666667
Maine,Blind,2011,35.04888889,33.29148148,29.86481481,28.29561262,27.28298677,26.21477891,26.35,24.06666667,21.28333333,2.433333333,1.133333333,1.133333333,243.1333333,216.6666667,216.4333333
Maine,General,2008,43.51373687,41.36348811,29.19530127,25.59052939,25.49599942,25.99501215,38.96666667,36.88333333,20.61666667,7.966666667,3.7,0,179.3333333,170.1,159
Maine,General,2009,43.74167894,41.56558665,28.82992145,28.83803711,28.69756677,29.08098216,36.55,34.53333333,20.41666667,8.4,6.266666667,0,325.9666667,312.9666667,312.9666667
Maine,General,2010,42.32925731,40.20450113,26.82088022,25.69314296,25.77537283,25.4963772,36.53333333,34.83333333,18.4,6.333333333,2.733333333,0,176.1666667,176.1666667,165.8333333
Maine,General,2011,38.75828025,36.62484076,24.13649682,27.8071261,27.73228511,25.50321675,32.28333333,29.91666667,14.88333333,1.4,1.366666667,0,238.7666667,233.8,233.8
Maryland,Combined,2008,32.01505021,30.2592241,25.85091484,22.81366546,22.0436144,22.34984119,24.9,23.3,18.7,3.933333333,3.133333333,0.3,211.6,205.3666667,205.3666667
Maryland,Combined,2009,33.29296183,31.8857362,26.09493013,24.05735207,23.43814351,24.29366229,27.55,26.15,20.18333333,1.766666667,1.533333333,0.133333333,207.1333333,192.9,192.9
Maryland,Combined,2010,28.8683135,27.65157572,22.23524216,22.96888889,22.33293858,21.79913471,22.5,21.53333333,14.36666667,0.966666667,0.933333333,0,212.4666667,209.6,209.0333333
Maryland,Combined,2011,33.21221646,32.06263405,27.09683222,25.55063127,25.05717451,24.16809104,26.3,25.23333333,20.26666667,0.233333333,0.1,0.1,243.8666667,243.6,243.6
Massachusetts,Blind,2008,42.31855072,41.04478261,40.12608696,53.96161514,52.17361799,51.83023772,16.96666667,16.83333333,16.55,0.4,0.4,0.4,262.1,261.2333333,261.2333333
Massachusetts,Blind,2009,43.77517361,42.94722222,41.07456597,47.4262876,45.7435646,43.63021869,26.1,25.68333333,23.65,1.4,1.4,0.866666667,299.9333333,295.1333333,295.1333333
Massachusetts,Blind,2010,54.69739176,53.91684924,52.64971309,58.32430559,57.22089418,56.45045058,31.16666667,31.16666667,29.1,0.433333333,0.266666667,0,334.6,327,323.7666667
Massachusetts,Blind,2011,41.0953168,40.31717172,38.58163453,55.89787007,54.68932555,52.67337096,16.43333333,16.33333333,15.7,1.533333333,1.533333333,0.666666667,297.1,288.5,288.1666667
Massachusetts,General,2008,38.10197562,36.24309934,21.70461679,29.20883643,28.7886678,20.45481053,29.16666667,27.8,15.16666667,0.3,0.3,0,368.9,367.3,259.4
Massachusetts,General,2009,39.28462939,37.57073693,28.02865253,29.19185286,28.72802683,21.92269002,31.23333333,29.7,22.8,2.033333333,1.333333333,0,268.3666667,267.2333333,240.2
Massachusetts,General,2010,36.91837911,35.34464728,27.01380722,27.31209397,26.88300926,23.02417518,29.46666667,27.83333333,19.31666667,0.166666667,0.166666667,0,242.9333333,240.7333333,138.1
Massachusetts,General,2011,37.42873971,36.10411108,28.38907181,28.77010124,28.26972805,23.85754457,30.38333333,29.13333333,20.63333333,0.4,0.233333333,0,298.5333333,289.3,253.0333333
Michigan,Blind,2008,44.76859504,43.01193756,39.6513315,39.54951236,39.03291741,38.19127735,31.66666667,30.63333333,27.1,1.633333333,0.933333333,0,183.6333333,183.1,182.6333333
Michigan,Blind,2009,45.56036822,43.9880814,41.26996124,42.20275357,41.84817504,40.69369996,30.91666667,29.86666667,26.4,2.666666667,2.466666667,1.5,238.8333333,237.8,229.7666667
Michigan,Blind,2010,43.08609576,41.61206262,38.89686924,39.96613024,39.26644804,37.49976542,28.91666667,28.05,26.56666667,0.833333333,0.766666667,0.433333333,226.8666667,224.8333333,222.8
Michigan,Blind,2011,42.33366667,40.90244444,38.334,37.98916121,37.8262278,36.84708747,30.51666667,28.95,25.98333333,1.6,1.066666667,1.066666667,216.4666667,214.4333333,208.8
Michigan,General,2008,20.61420947,19.45499614,17.12567947,20.03437231,19.74743323,18.47279469,14.23333333,13,11,0.233333333,0.233333333,0.066666667,206.7666667,204.7333333,196.1
Michigan,General,2009,19.61166927,18.49307176,16.46015209,19.05281013,18.81937259,17.69721671,13.6,12.36666667,10.5,0.266666667,0,0,218.5333333,212.7666667,212.7666667
Michigan,General,2010,20.13364896,18.93358084,16.88038828,19.01914339,18.82970566,17.76529414,14.3,12.96666667,11,0.166666667,0.166666667,0,267.5,256.2666667,256.2
Michigan,General,2011,20.54316951,19.26317388,17.22575579,19.68905496,19.43152276,18.39082041,14.4,13.06666667,11.2,0.033333333,0,0,277.7333333,274.7333333,269.0666667
Minnesota,Blind,2008,49.57282378,48.0537155,41.41677282,45.7989616,45.04065047,41.84088613,33.66666667,32.46666667,26.13333333,4.633333333,3.633333333,0.433333333,294.0333333,291.7,291.7
Minnesota,Blind,2009,35.82165605,34.56836518,29.01401274,30.16936472,29.79857518,27.21431434,27.63333333,26.76666667,19.66666667,3.433333333,3.366666667,3,144.5333333,142.1,138.4666667
Minnesota,Blind,2010,46.39247312,45.21677419,38.51569892,41.25286864,40.51336308,37.27389736,33.2,32.06666667,26.73333333,3.233333333,2.8,1.233333333,223.0333333,214.1666667,205.1333333
Minnesota,Blind,2011,36.71424501,35.602849,30.22649573,33.99788964,34.115588,30.55751895,26.4,24.6,18.73333333,3.6,3.5,2.933333333,186.1,186.1,177.7666667
Minnesota,General,2008,32.20285563,31.09257888,25.62585052,28.60623741,28.42915836,26.5020003,22.33333333,21.03333333,15.95,0.3,0.266666667,0.266666667,273.2666667,269.6666667,269.6333333
Minnesota,General,2009,29.28881141,28.27708051,23.42580541,24.82353861,24.6501105,23.09048364,20.96666667,20,15.76666667,1.433333333,0.966666667,0.033333333,191.6333333,191.2,183.7
Minnesota,General,2010,28.03019641,27.06805469,22.19655771,23.76071843,23.48656417,22.03159031,20.9,20.06666667,15.13333333,1.033333333,0.833333333,0,247.8,245.3,233.0333333
Minnesota,General,2011,26.44767146,25.5308251,20.88163372,21.14210718,21.00192924,19.50834885,20.26666667,19.53333333,14.3,1.266666667,1.2,0,201.2333333,199.5666667,197.3
Mississippi,Combined,2008,21.06219089,20.19383948,19.37877802,15.21351084,14.97073375,14.79281783,16.43333333,15.4,14.66666667,0.4,0.4,0.4,167.6,165.8,165.8
Mississippi,Combined,2009,20.09667458,19.27462391,18.40810429,13.11990666,12.97222682,12.75132942,16.43333333,15.6,14.8,0.466666667,0.266666667,0,154.5666667,152.6666667,152.3333333
Mississippi,Combined,2010,17.68876136,16.88099793,15.8426165,14.05817332,13.86926738,13.59141322,13.16666667,12.33333333,11.3,0.466666667,0.466666667,0.466666667,209.8333333,185.8666667,185.8666667
Mississippi,Combined,2011,17.59594311,16.73447551,15.73908195,13.16202735,13.00994241,12.69943495,13.53333333,12.66666667,11.76666667,0.1,0,0,150.9,149.7,146.8
Missouri,Blind,2008,33.00877193,32.27033493,30.19968102,32.09714858,31.93300684,30.85521122,19.06666667,18.1,16.33333333,3.366666667,3.266666667,3.266666667,187.9666667,183.8666667,181.0333333
Missouri,Blind,2009,32.90479103,32.12609582,30.73180428,32.17527239,31.71003013,31.00864219,19.26666667,18.3,17.16666667,3.9,3.766666667,3.666666667,193.8,188.5,187.3
Missouri,Blind,2010,29.74701646,29.13559671,27.49516461,28.0942196,28.04829638,27.57436305,18.58333333,17.8,16.68333333,2.066666667,2.066666667,0.9,145.0333333,144.0666667,139.6
Missouri,Blind,2011,34.81869919,34.11321138,32.4046748,33.66374836,33.54394071,33.16994736,20.85,20.25,17.93333333,1.733333333,0,0,163.9,163.9,163.9
Missouri,General,2008,24.03375881,23.07626215,17.76519972,20.67152715,20.45900607,19.63338348,17.33333333,16.4,10.6,1,1,0.333333333,196.4,185.3666667,183.3666667
Missouri,General,2009,23.55591924,22.62211176,17.72211686,20.4657318,20.34005318,19.39652118,16.8,15.88333333,10.66666667,1.133333333,0.933333333,0,190.8333333,189.0666667,186.3666667
Missouri,General,2010,22.34269264,21.43173046,16.39863664,18.9064451,18.8039137,17.85216501,16.6,15.76666667,10.16666667,1.566666667,1.266666667,0.133333333,200.1333333,198.3,194.3666667
Missouri,General,2011,22.63639093,21.69650681,17.07443119,19.58435723,19.13272408,17.67971021,16.96666667,16.03333333,10.9,0.8,0.566666667,0.066666667,194.0333333,177.3,123.7
Montana,Combined,2008,24.67901235,23.67050456,20.2928073,21.80822284,21.61644537,20.68623311,16.98333333,15.93333333,12.6,2.033333333,2.033333333,1.2,211.3,204.7,204.6333333
Montana,Combined,2009,24.39017668,23.33795053,20.1990106,21.12826593,20.89374876,19.74711729,17.13333333,16.23333333,13.06666667,2.133333333,1.8,0.6,173.3666667,161.9,159.8666667
Montana,Combined,2010,23.3161693,22.24244197,19.22525844,18.19649423,18.10993475,17.41939221,17.8,16.46666667,13.36666667,2,1.933333333,0.766666667,150.8666667,147.7333333,144.3666667
Montana,Combined,2011,24.22928733,23.18184432,20.15834874,20.7151231,20.66081083,19.77188504,18.03333333,16.9,13.8,0.466666667,0.3,0.3,193.8,192.1333333,189.4666667
Nebraska,Blind,2008,35.4325,34.70833333,32.32875,30.77983475,30.41188674,28.37167857,24.8,24.8,23.63333333,4.633333333,4.633333333,2.9,139.7,138.7,138.7
Nebraska,Blind,2009,31.38888889,30.70444444,28.57015873,27.98509359,27.54995931,26.17835233,22.4,21.86666667,20.13333333,2.4,2.4,1.8,159.6333333,159.4666667,159
Nebraska,Blind,2010,36.33843537,35.67346939,34.91326531,29.06204263,28.80235368,28.8181277,25.4,25.4,24.21666667,1.833333333,1.833333333,1.833333333,136.2,134.1666667,134.1666667
Nebraska,Blind,2011,35.748,34.98133333,32.65413333,33.1875774,32.97257832,31.24547528,27.3,26.36666667,24.43333333,0.866666667,0.766666667,0.766666667,165.5666667,164,163.9666667
Nebraska,General,2008,18.01438761,17.4592206,15.47146834,18.32108891,18.19408063,17.49339699,11.66666667,11.13333333,9.383333333,0.666666667,0.3,0.3,238.2666667,236.2,236.2
Nebraska,General,2009,16.85,16.33172706,14.38679003,16.78822908,16.75596968,16.07907513,11.1,10.6,8.666666667,0.433333333,0.233333333,0.2,217.4333333,216.3333333,216.3333333
Nebraska,General,2010,16.79140207,16.20260435,14.36958021,16.30801612,16.26029489,15.68706752,11,10.33333333,8.466666667,0.933333333,0.266666667,0.266666667,146.9333333,146.9333333,145.1
Nebraska,General,2011,17.89940341,17.28920707,15.21804968,17.18660713,17.16083716,16.54489159,11.93333333,11.23333333,9.2,0.766666667,0.466666667,0.466666667,154.3333333,154.2666667,152.2
Nevada,Combined,2008,13.7719037,12.8534624,10.32055101,12.51479991,12.3668306,11.35613022,10.1,9.066666667,6.666666667,0.866666667,0.1,0.033333333,136.6666667,135.8,132.8
Nevada,Combined,2009,14.96574867,13.98310894,11.13145655,12.84999967,12.76442877,11.63891204,11.23333333,10.13333333,7.5,1.566666667,0.833333333,0.433333333,128.8333333,127.7,118.7333333
Nevada,Combined,2010,15.70243859,14.61993904,11.53105612,13.95689817,13.85069481,13.25383328,12.73333333,11.36666667,7.833333333,0.666666667,0.3,0.233333333,270.4,260.5333333,260.5333333
Nevada,Combined,2011,15.67356682,14.67940408,11.46525527,12.53764531,12.45935147,11.10535039,12.1,10.9,7.9,1.166666667,0.6,0.233333333,126.4666667,123.5666667,106.7666667
New Hampshire,Combined,2008,26.58602069,25.88771133,21.57219278,23.91225468,23.73224765,21.87586463,18.53333333,17.86666667,14.23333333,0.7,0.7,0.7,259.3666667,246.7,246.7
New Hampshire,Combined,2009,31.3520938,30.57860972,26.55792295,26.68150915,26.52769831,25.29732836,23.75,23.31666667,18.35,1,1,1,311.1333333,300.6666667,299.1
New Hampshire,Combined,2010,26.6264998,25.9306913,21.75399285,25.30249844,25.1889295,23.53138949,17.93333333,16.98333333,12.88333333,1.166666667,1.166666667,1.166666667,337.2333333,323.2333333,323.2333333
New Hampshire,Combined,2011,27.00311858,26.18780579,22.26319328,25.30600784,25.23160235,23.81339009,17.8,16.53333333,12.86666667,2.233333333,1.6,0.733333333,182.3,182.3,179.1333333
New Jersey,Blind,2008,25.1718886,24.03498695,19.76692776,30.46025804,30.07612999,26.09898479,12.53333333,11.73333333,9.666666667,1.966666667,1.966666667,1.966666667,203.1,200.8,170.1333333
New Jersey,Blind,2009,26.47640538,25.27284244,20.15969913,31.19498446,30.74436274,25.49037258,14.9,13.43333333,10.9,1.1,1.1,1.1,235.7,233.3,205.2666667
New Jersey,Blind,2010,29.39105882,28.35678431,23.82352941,32.4802478,32.21586653,27.74439157,15.83333333,15.13333333,13.16666667,3.2,2.933333333,1.966666667,184.6,177.1,175.9666667
New Jersey,Blind,2011,27.33646362,26.16480541,21.99932318,30.34838974,29.83320813,24.78304583,14.7,13.51666667,11.61666667,2.3,1.866666667,1.866666667,151.2333333,151.2333333,142.6666667
New Jersey,General,2008,26.69370982,25.47798694,23.21278095,21.61967686,21.51153149,21.00505256,20.1,19,16.5,1.533333333,0.466666667,0.433333333,187.6666667,177.0666667,176.8666667
New Jersey,General,2009,26.74263942,25.57258408,23.31974457,21.19563411,21.096029,20.52047404,20.03333333,18.76666667,16.5,1.233333333,0.433333333,0.033333333,214.7333333,206.4666667,184.9666667
New Jersey,General,2010,25.5715186,24.35694385,22.0266951,21.18098419,21.03016553,20.58385007,19.33333333,18.16666667,15.7,0.666666667,0.233333333,0.133333333,242.8666667,221.6333333,221.6
New Jersey,General,2011,26.32028512,25.09202306,22.61298011,20.34066822,20.24319441,19.67021111,20.83333333,19.56666667,16.93333333,1.6,1,0.033333333,213.2,210.5333333,186.5666667
New Mexico,Blind,2008,55.25310734,53.90508475,51.9700565,36.94851607,36.54380765,36.29897336,52.73333333,51.76666667,49.03333333,6,5.933333333,4.666666667,182.6333333,179.5666667,179.5333333
New Mexico,Blind,2009,48.41232493,46.14369748,44.07030812,36.4311682,34.11596479,32.04591568,38.4,36.76666667,34.43333333,4.766666667,4.4,4.1,193.2333333,193.2,142.2333333
New Mexico,Blind,2010,63.24526749,61.87572016,57.70411523,57.40547649,56.6946698,51.72002685,47.83333333,46.5,42.4,4.833333333,4.8,4.4,239.0333333,236.0666667,213.6
New Mexico,Blind,2011,51.425,49.86702899,47.97826087,36.34436423,36.28846626,36.51542716,42.8,41.05,39.33333333,5.5,4.033333333,3.1,137.6666667,135.9333333,135.1
New Mexico,General,2008,19.99195506,18.6306367,16.81529588,17.6507817,17.42576403,16.91907217,14.23333333,12.8,10.76666667,0.866666667,0.866666667,0.666666667,154.1333333,152.6,141.6666667
New Mexico,General,2009,19.67283774,18.34195854,16.46969264,18.55596863,18.46936864,18.0771978,13.95,12.36666667,10.26666667,1.8,0.533333333,0.2,180.1666667,177.6,172.6666667
New Mexico,General,2010,20.24087409,18.87599638,16.88990036,17.67283252,17.55565084,17.22587829,14.96666667,13.38333333,11.1,1.533333333,0.533333333,0,145.1666667,144.0666667,141.8
New Mexico,General,2011,22.15083195,20.72888242,18.57031337,19.12095486,19.04505722,18.70063105,16.43333333,14.9,12.63333333,2.933333333,2.666666667,0.933333333,189.3666667,186.6666667,183.7333333
New York,Blind,2008,30.94015895,29.84343151,24.36245909,34.30199208,32.85757301,24.55361088,16.53333333,15.83333333,14.6,1.633333333,0.533333333,0,256.8333333,219.3,161.5666667
New York,Blind,2009,37.52408066,36.21476868,30.62805457,36.15237648,35.31058205,30.16706492,23.81666667,22.56666667,20.73333333,2.2,2.2,0.233333333,241.9333333,241.4666667,197.7
New York,Blind,2010,37.06534057,35.93423749,28.01301989,39.58017509,38.83730419,30.54644927,20.83333333,19.8,16.33333333,1.466666667,1.466666667,1.466666667,232.8333333,231.5,231.5
New York,Blind,2011,39.92039381,38.86272855,30.57412096,42.01009818,41.16224549,32.83838453,22.96666667,22.2,17.73333333,3.2,2.266666667,2.266666667,305.9,301.7333333,238.7666667
New York,General,2008,22.92019072,21.7881062,18.35171978,19.48143966,19.29794885,18.24131166,17.1,15.96666667,12.5,0.233333333,0.2,0.033333333,308.3333333,305.2333333,293.0333333
New York,General,2009,23.06010276,21.89672456,18.67766971,19.51499468,19.39248626,18.39597249,17.4,16.25,13.13333333,0.266666667,0.166666667,0.066666667,247.8,237.6666667,232.3666667
New York,General,2010,23.85784224,22.52495639,19.21065226,18.23344255,18.20029974,17.17670136,19.33333333,18,14.76666667,0.2,0,0,248.2,244.4666667,238.7
New York,General,2011,24.43999147,22.96811484,19.62459495,18.03775789,17.99821488,17.14928387,20.26666667,18.6,14.9,0.666666667,0.233333333,0.1,321.1333333,321,320.9666667
North Carolina,Blind,2008,25.59710725,24.9599466,23.56893636,26.40199074,26.24828299,24.65796564,15.96666667,15.4,14.53333333,1.766666667,1.766666667,0,207.9333333,207.0333333,207.0333333
North Carolina,Blind,2009,26.51185185,25.94151852,24.7197037,25.89665958,25.79795191,24.76291316,16.56666667,15.95,15.56666667,3.133333333,2.233333333,0,215.8666667,214.9333333,214.9333333
North Carolina,Blind,2010,23.08713911,22.45966754,21.41286089,23.05144306,23.03753374,21.85227947,15.31666667,14.75,14.33333333,1.5,0.833333333,0,189.3333333,188.4,188.4
North Carolina,Blind,2011,26.55236806,25.8962562,24.67857465,28.39130917,28.28589327,26.53048815,17.26666667,16.36666667,16.13333333,3.733333333,3.7,1.666666667,201.6666667,200.0666667,200.0666667
North Carolina,General,2008,27.76087613,26.4926947,24.75883266,23.58358952,23.40940814,22.81137053,20.5,19.13333333,17.23333333,0.433333333,0,0,226.3666667,218.2,184.7666667
North Carolina,General,2009,28.54858757,27.25400118,25.53533182,23.44725794,23.35652263,22.96673919,21.26666667,19.83333333,17.93333333,0.9,0.166666667,0,203.2666667,201.9,201.9
North Carolina,General,2010,28.81322073,27.45418435,25.62509478,23.36998931,23.26515306,22.76090988,22.13333333,20.73333333,18.8,0.133333333,0,0,261.3,256.4333333,256.4333333
North Carolina,General,2011,30.08636144,28.70801494,26.79667365,24.00382853,23.87918085,23.29345302,23.83333333,22.33333333,20.48333333,0.066666667,0.066666667,0,250.6333333,248.1333333,234.6333333
North Dakota,Combined,2008,30.91885057,29.63520115,25.53425287,25.13758115,24.94504379,23.91129344,25.13333333,23.23333333,18.81666667,3.1,2.666666667,1.7,191.8666667,184.9333333,184.9333333
North Dakota,Combined,2009,30.80719603,29.50504549,25.86903777,27.35068717,27.16684518,25.72390985,22.1,20.43333333,16.96666667,2.533333333,1.8,0.966666667,208.2666667,198.9333333,163.9
North Dakota,Combined,2010,30.37644411,29.0871968,24.88917229,27.93679392,27.78147203,26.37891407,21.06666667,19.63333333,15.26666667,2.533333333,1.9,1.1,253.3333333,247.5,247.3333333
North Dakota,Combined,2011,30.88818758,29.60732573,25.25589354,26.85917523,26.69411657,25.75417468,22.83333333,21.26666667,15.9,3.166666667,2.133333333,1.9,177.9666667,175.0666667,169.6333333
Northern Marianas,Combined,2008,16.4800813,14.83943089,13.43495935,7.154673398,7.057564851,6.370258187,14.78333333,12.78333333,11.66666667,4.666666667,4.2,3.933333333,36.86666667,36.33333333,32.43333333
Northern Marianas,Combined,2009,18.56616162,16.43131313,14.7030303,9.633622553,9.473917192,9.20120157,16.68333333,14.9,13.6,6.233333333,3.733333333,1.4,50.4,49.83333333,48.5
Northern Marianas,Combined,2010,14.84968553,12.87044025,11.55408805,7.460874077,7.444927891,7.244512295,13.03333333,11.1,10.36666667,6,2.966666667,1.233333333,41.1,39.13333333,36.13333333
Northern Marianas,Combined,2011,15.90074074,13.85703704,13.08296296,11.24206676,11.01318682,10.73825556,12.9,10.43333333,9.9,5.6,3.666666667,2.833333333,66.46666667,64.7,62.73333333
Ohio,Combined,2008,18.54942568,17.67837931,15.19900032,17.42751588,17.28010159,16.20711457,13.23333333,12.2,9.866666667,0.1,0.1,0,191.3666667,187.3,187.3
Ohio,Combined,2009,19.04737395,18.08852808,15.52013859,18.01184524,17.91911515,16.91976682,13.6,12.46666667,9.933333333,0.6,0.233333333,0,314.1333333,309.1333333,309.1333333
Ohio,Combined,2010,19.12938199,18.05986799,15.50347777,17.450179,17.42745396,16.53034057,13.83333333,12.6,10.16666667,0.666666667,0.066666667,0,219.0666667,217.0666667,216.0666667
Ohio,Combined,2011,23.74612728,22.40125448,19.0065434,17.55977879,17.69920688,17.05263357,18.93333333,17.55,14.06666667,1.633333333,1.066666667,0,207.4,207.4,143.8
Oklahoma,Combined,2008,39.6904134,38.74802721,36.39360544,27.90545109,27.74644541,26.89761099,32.83333333,31.7,29.26666667,3.533333333,2.733333333,0,237.2,237.1666667,237.1666667
Oklahoma,Combined,2009,44.86380729,43.85509205,40.77724246,29.91531217,29.8535329,29.35991512,37.63333333,36.8,34.78333333,1.3,0.6,0.3,264.2666667,261.1666667,261.1666667
Oklahoma,Combined,2010,35.69017865,34.57444228,31.6606961,30.80470836,30.67257804,30.23356777,29.2,27.7,19.7,1,0.666666667,0.4,305.7666667,302.5333333,302.2333333
Oklahoma,Combined,2011,33.5399754,32.40057196,29.7153198,29.79111014,29.80633591,28.91544472,21.2,19.85,17.5,0.633333333,0.633333333,0.366666667,307.8,306.6,182.9
Oregon,Blind,2008,67.83109244,65.33669468,60.72352941,48.31964397,46.14957985,45.67206244,61.21666667,60.23333333,53.03333333,1.533333333,1.333333333,0.966666667,263.8666667,246.5333333,246.5333333
Oregon,Blind,2009,44.28825137,42.87295082,39.69672131,41.3066676,40.67540175,40.54358795,27.88333333,27.3,24.9,5.366666667,5.033333333,3.666666667,180.4,179.4,173.4333333
Oregon,Blind,2010,44.43825137,43.15327869,40.09371585,38.67950311,38.16605583,37.34172312,30.81666667,30.13333333,26.96666667,5,3.5,2.966666667,194.0666667,193.9,191.8
Oregon,Blind,2011,46.18357843,44.83897059,41.08210784,46.29870524,44.81737144,44.21351001,29.35,28.25,22.41666667,4.4,4.166666667,2.633333333,237.5666667,216.4666667,215.0666667
Oregon,General,2008,15.90752249,14.84956058,11.7071877,13.04679994,12.90756789,11.72397906,11.96666667,10.83333333,7.616666667,0.866666667,0.433333333,0.266666667,110.8333333,110.8333333,109.6333333
Oregon,General,2009,17.73766079,16.64819919,13.5112183,14.97451449,14.8568411,13.78963459,13.56666667,12.4,9.2,2.033333333,1.633333333,0.4,168.2,165.9333333,156.5
Oregon,General,2010,22.59885102,21.48474051,16.81311645,13.88892912,13.75954434,13.1889651,19.73333333,18.56666667,14.5,1.6,1.6,0,181.9333333,181.9,176.0666667
Oregon,General,2011,21.01842993,19.81909435,14.34588572,14.75949571,14.66927466,13.83451228,17.23333333,16.1,8.933333333,1.8,1.133333333,0.1,132.5666667,126.7666667,121.9
Pennsylvania,Combined,2008,29.84768224,28.47081269,25.81116714,25.95137926,25.69045882,24.50963038,22.1,20.68333333,17.76666667,0.2,0,0,285.3666667,285.3666667,285.3666667
Pennsylvania,Combined,2009,31.08390315,29.66337348,27.09948899,28.13603437,27.78233528,26.59052554,22.56666667,21.13333333,18.63333333,0.033333333,0,0,294.7666667,289.7666667,265.1
Pennsylvania,Combined,2010,31.85421201,30.37927295,28.33290916,28.23317481,27.97963225,27.13178446,22.9,21.23333333,19.4,0.2,0.033333333,0,246.6333333,244.9,240.6666667
Pennsylvania,Combined,2011,31.41486524,29.92071304,27.98758862,28.08440786,27.92156107,26.97542632,22.76666667,21.13333333,19.43333333,0.433333333,0.2,0,325.8666667,314.4,314.4
Puerto Rico,Combined,2008,54.44709596,51.67189604,45.80021044,37.00365572,36.50430347,33.67736613,46,42.48333333,36.98333333,3,2.966666667,0,275.0333333,235.4666667,200.0333333
Puerto Rico,Combined,2009,52.29464374,49.50560332,43.88851665,35.53266345,35.03137248,33.52873229,42.63333333,39.7,34.7,1.766666667,0.833333333,0,271.1,251.1,216.6333333
Puerto Rico,Combined,2010,53.51580595,50.70955537,45.47438093,36.53423341,36.10370919,35.20673602,45.26666667,42.1,37,3,1.266666667,0,247.1,243.6,224.5
Puerto Rico,Combined,2011,52.22949556,49.44874309,43.90594101,36.05038918,35.62556457,34.43234181,44.88333333,41.43333333,35.75,1.666666667,0.233333333,0,264.4,260.9,221.4
Rhode Island,Combined,2008,32.25450902,31.21155645,26.48206413,28.55480042,27.85234087,25.56666386,23.13333333,22.86666667,18.01666667,3,2.833333333,1,229.2666667,224.7666667,224.7333333
Rhode Island,Combined,2009,31.55271795,30.65682051,26.5914359,28.28714402,27.6263425,25.38903123,23.86666667,22.93333333,19.76666667,3,2.966666667,2.033333333,280.4666667,273.4666667,258.4666667
Rhode Island,Combined,2010,39.03846967,37.95011625,33.71851617,34.80097769,34.01171531,32.34516535,28.43333333,27.63333333,24.46666667,2.733333333,2.733333333,1.7,316,302,302
Rhode Island,Combined,2011,30.02051282,29.06689291,25.27926094,20.97023327,20.99474553,19.54788351,24.55,23.11666667,19.71666667,2,1.733333333,1.733333333,111.1,108.7666667,106.4333333
South Carolina,Blind,2008,21.7835206,20.8991573,20,28.0819325,26.73445731,25.50238051,10.56666667,10.48333333,9.683333333,2.3,1.4,1.2,253.1333333,227.6,203.3
South Carolina,Blind,2009,22.75215924,22.08616734,20.98778677,25.55020201,25.14102787,24.08169444,11.5,11.03333333,10.36666667,0.1,0.1,0.1,144.7,144.2333333,143.5333333
South Carolina,Blind,2010,24.88317308,24.13950321,23.48253205,32.61965078,31.47159288,30.70679214,12.08333333,11.68333333,10.73333333,1.366666667,1.1,0.433333333,296.5333333,274.0333333,274.0333333
South Carolina,Blind,2011,22.59580185,21.94718724,21.05919395,27.91134462,27.44963444,26.70187086,12.26666667,11.6,11.2,1.1,0.9,0.4,168,168,168
South Carolina,General,2008,23.98045271,23.06394537,19.23350784,21.01585713,20.83168778,18.00061722,16.8,15.83333333,13.13333333,0.266666667,0.2,0,186.5333333,183.8333333,140.0666667
South Carolina,General,2009,20.90553785,19.93706729,16.34277999,19.00592726,18.81669165,15.92351882,14.53333333,13.53333333,11.33333333,0.2,0,0,207.6,189.2666667,146.8333333
South Carolina,General,2010,20.27991404,19.25042261,15.73607549,18.52600444,18.38505957,15.27238245,14.16666667,13.03333333,10.73333333,1.1,0.566666667,0,216.6,209.3333333,162.4
South Carolina,General,2011,20.36141574,19.31614291,16.04574582,18.3864239,18.18399667,15.48326279,14.5,13.4,11.1,0.866666667,0.666666667,0,228.6,224.8,167.9333333
South Dakota,Blind,2008,26.58131868,25.78937729,22.93150183,28.44189104,28.33786494,25.23133921,18.06666667,16.93333333,14.86666667,4.566666667,4.033333333,2.5,152.7,151.0666667,148.3666667
South Dakota,Blind,2009,22.61623932,21.68931624,20.21132479,17.91998203,17.80542585,17.1008996,17.23333333,16.23333333,15.05,0.9,0.333333333,0.333333333,101.7666667,100.5333333,95.06666667
South Dakota,Blind,2010,20.87262693,19.88940397,18.56269316,15.12038559,15.08319662,14.59824542,16.7,15.73333333,14.3,3.7,3.233333333,3,96.6,94.73333333,88.73333333
South Dakota,Blind,2011,24.19068323,23.43747412,21.89440994,20.88930455,20.82334252,20.0492987,16.4,15.9,15.06666667,2.8,2.733333333,1.633333333,141.9,140.1,133.1666667
South Dakota,General,2008,22.85511163,21.78245202,18.93768116,20.77953061,20.58879034,20.07170168,15.63333333,14.6,11,1.433333333,1,1,125.9,125.4333333,122.3666667
South Dakota,General,2009,21.22473327,20.26469447,17.66210799,21.18583179,20.96087024,19.63661869,13.33333333,12.33333333,10.36666667,0.566666667,0.433333333,0.166666667,163.8333333,159.7,156.9
South Dakota,General,2010,20.01094484,18.9633216,16.36684272,19.06482109,18.87231083,18.03126941,13.2,12.18333333,9.9,2,0.666666667,0.433333333,119.8666667,118.9333333,114.7333333
South Dakota,General,2011,22.58969428,21.47628205,18.49778107,21.72797765,21.60919127,20.80970987,14.73333333,13.56666667,10.73333333,1.433333333,0.9,0.5,153.0333333,151.4,148.5
Tennessee,Combined,2008,67.28876105,65.7596959,60.75676773,41.33898632,41.05842133,42.13993629,64.2,61.66666667,54.51666667,1.6,1.5,0.466666667,302.8,299.1666667,299.1666667
Tennessee,Combined,2009,50.89870375,49.39562517,41.9799892,39.07726491,38.6895226,39.03372827,38.7,37,26.8,1.5,1.466666667,0.233333333,222.1333333,216.5333333,203.7
Tennessee,Combined,2010,46.13775206,44.74363493,36.51405401,37.93450087,37.56178135,36.81857182,32.76666667,31.8,22.05,0.766666667,0.666666667,0.233333333,233.2333333,228.8666667,224.2
Tennessee,Combined,2011,49.19663853,47.81332001,39.17899452,39.22543078,38.94433523,38.085546,35.56666667,34.53333333,25.25,1.4,0.9,0.066666667,229.4666667,222.5,221.9333333
Texas,Blind,2008,30.1832913,29.31422867,27.2641446,31.75294003,31.5184902,30.8863252,18.91666667,17.98333333,15.68333333,2.133333333,1.466666667,0.466666667,212.3,206.7666667,206.7666667
Texas,Blind,2009,28.08283039,27.26990982,25.27750607,29.55212283,29.38794036,29.06832145,17.31666667,16.41666667,14.61666667,0.633333333,0.633333333,0.633333333,233.3666667,227,226.0666667
Texas,Blind,2010,28.51352391,27.72128051,25.72805082,28.81616837,28.65655882,28.35497773,17.6,16.75,14.7,1.7,1.666666667,0.866666667,203.9,198.9666667,198.5666667
Texas,Blind,2011,29.54102431,28.75531988,26.59037765,31.65909374,31.48232699,31.07798432,18.1,17.33333333,15.16666667,1.766666667,1.766666667,0.033333333,237.3666667,235.2666667,234.2
Texas,General,2008,27.09524507,25.69240918,23.33806997,21.97386728,21.97869893,21.23748718,20.03333333,18.5,16.23333333,1.1,0.333333333,0,238.5,236.2333333,200.7333333
Texas,General,2009,26.0616165,24.64675108,22.22412645,21.64620189,21.60685953,20.86648086,19.1,17.66666667,15.3,0.233333333,0.1,0,221.1666667,220.5666667,173.0333333
Texas,General,2010,25.01143909,23.60892666,21.19901776,21.52176689,21.49240306,20.70836817,17.9,16.56666667,14.06666667,0.533333333,0.233333333,0,244,242.9333333,183.5
Texas,General,2011,24.70201615,23.27466269,19.88588352,21.02804602,20.9785894,20.22716371,18.03333333,16.6,13.23333333,0.1,0.1,0,217.2666667,213.3666667,213.3666667
Utah,Combined,2008,32.37859858,31.29021946,27.65029376,26.4329197,26.14341569,22.90512296,25.01666667,23.88333333,20.03333333,2.966666667,1.4,0.266666667,191.8333333,184.0666667,146.7666667
Utah,Combined,2009,29.93116404,28.92050191,25.84818517,25.9328749,25.68436167,23.10691592,20.83333333,19.8,17.2,2.766666667,2.4,1.5,261.2333333,247.9,133.0333333
Utah,Combined,2010,29.50318193,28.50356043,25.6329805,26.20267102,26.03987916,23.82549907,20.5,19.53333333,17.26666667,0.033333333,0.033333333,0.033333333,243.6333333,242.0333333,140.9333333
Utah,Combined,2011,28.22644304,27.25153527,24.46746694,22.76142892,22.64318531,21.38588196,21.83333333,20.83333333,17.8,2.466666667,1.866666667,0.266666667,218.5,217.2333333,184.6666667
Vermont,Blind,2008,28.48927203,28.04521073,27.16781609,32.18179084,32.13264819,31.05784361,15.86666667,15.03333333,14.26666667,3.966666667,2.1,2.1,169.7,169.6,162.1
Vermont,Blind,2009,27.63580247,26.95864198,26.24753086,26.96998744,26.86684828,26.52502578,19,17.91666667,17.56666667,3.666666667,2,2,193.9,191.9666667,191.7333333
Vermont,Blind,2010,28.37207207,27.68318318,26.73153153,24.15152903,24.09908581,23.52249808,18.9,18.23333333,18.06666667,4.9,4.3,3.466666667,132.7,132.7,130.1333333
Vermont,Blind,2011,33.27259259,32.44888889,31.29111111,37.23765045,34.97989977,32.66851856,20.16666667,19.98333333,19.61666667,3.2,2.966666667,0,270.1,239.2666667,210.6666667
Vermont,General,2008,20.90610743,20.30198675,17.04757174,21.21242604,21.08728121,19.13780172,14.03333333,13.3,9.983333333,1.3,1,0.866666667,256.8333333,253.5,213.4666667
Vermont,General,2009,20.89554734,20.22501713,16.95655569,20.76198801,20.64335139,19.29388797,14.53333333,13.76666667,10.56666667,0.733333333,0.733333333,0.233333333,286.4,286.3666667,286.3666667
Vermont,General,2010,19.20681493,18.48616205,15.56379243,17.97878465,17.59804605,16.11248981,13.93333333,13.3,10.4,0.9,0.633333333,0,159.8333333,158,157.0666667
Vermont,General,2011,19.49877135,18.86862022,16.34157759,18.43110483,18.18353379,16.95566798,13.6,12.93333333,10.8,0.233333333,0.233333333,0,200.6,199.4333333,191.6
Virgin Islands,Combined,2008,34.24264706,32.09901961,28.70931373,25.47707313,24.59581931,24.02845939,28.76666667,27.48333333,22.5,2.8,2.566666667,1.366666667,144.6,125.1,124.7666667
Virgin Islands,Combined,2009,29.9625641,26.79641026,23.46820513,22.34241615,21.8488861,20.95216645,22.66666667,20.4,16.2,3.233333333,1.733333333,0.466666667,96.53333333,93.3,91.53333333
Virgin Islands,Combined,2010,29.48955823,26.67068273,23.26546185,23.99616384,23.13002917,21.7104345,23.73333333,22,17.33333333,3.333333333,2.833333333,1.566666667,126.9,123.9,119.5666667
Virgin Islands,Combined,2011,32.11319444,29.24756944,25.53055556,27.52496176,26.6668262,23.59354737,21.11666667,19.5,16.66666667,1.233333333,1.133333333,0.566666667,112.3333333,111.1,110.2666667
Virginia,Blind,2008,34.39753567,33.50337224,27.41634241,37.86964837,37.82530048,32.01353841,19.16666667,18.26666667,15.4,2.5,2.3,0.7,225.8666667,224.8666667,224.8666667
Virginia,Blind,2009,32.72520046,31.89473081,25.65223368,34.63997844,34.12574127,30.91791428,18.83333333,18.16666667,13.36666667,2.366666667,2.066666667,0.866666667,241.8666667,217.8666667,203.8666667
Virginia,Blind,2010,33.02547619,32.00119048,27.09202381,35.30740739,35.34991516,32.06929431,19.88333333,18.76666667,14.51666667,1.833333333,1.033333333,0.866666667,187,183.8333333,183.5333333
Virginia,Blind,2011,32.55023474,31.40704225,26.57382629,32.76100863,32.92072245,28.95820905,20.65,19.28333333,15.91666667,2.166666667,0.6,0.166666667,193.1333333,190.1333333,190.1333333
Virginia,General,2008,24.42738675,23.15253338,20.25466118,21.68695691,21.43888204,20.21730532,17.53333333,16.23333333,13.43333333,0.633333333,0.633333333,0,224.7333333,206.9666667,206.9666667
Virginia,General,2009,25.74037597,24.40571537,21.44714232,22.33370766,22.05517475,21.04198529,18.93333333,17.5,14.63333333,0.833333333,0.5,0.433333333,241.6333333,218.1,218.1
Virginia,General,2010,24.77543808,23.50767621,19.98374221,19.48094223,19.25678125,18.09431308,20.03333333,18.93333333,14.63333333,0.366666667,0.366666667,0.1,206.5333333,203.9666667,184.0666667
Virginia,General,2011,23.6849423,22.42758981,19.21611583,19.28080879,19.13688974,17.66421244,17.26666667,15.7,13.2,0.3,0.233333333,0.1,191.5,190.4666667,168.1333333
Washington,Blind,2008,33.0700565,32.01581921,26.73559322,32.03217686,31.46923001,29.29210873,20.76666667,19.16666667,14.73333333,3.633333333,3.166666667,3.066666667,205.8333333,190.9,190.7666667
Washington,Blind,2009,32.50044444,31.52281481,27.16014815,33.00211009,32.89624793,31.87678795,21.93333333,21.06666667,16.56666667,3.733333333,3.3,2.733333333,235.1,234.1,233.8
Washington,Blind,2010,32.29551282,31.32532051,26.45608974,31.13264095,31.02514295,28.75931654,22.26666667,19.9,14.76666667,3.5,3.466666667,2.866666667,195.2666667,193.3,182.3
Washington,Blind,2011,33.82011494,32.7941092,28.87658046,38.11198377,37.97635044,35.9947212,18.7,17.95,14.15,3.233333333,3.233333333,2.966666667,211.4,211.3666667,201.7666667
Washington,General,2008,31.87313368,30.57804905,17.36717665,21.70437721,21.51121373,18.99545538,27.11666667,25.85,9.366666667,0.466666667,0.466666667,0.066666667,141.2,137.2333333,134.7666667
Washington,General,2009,26.38670813,25.09309683,15.59862551,22.43386133,22.32615296,17.58758699,17.4,16.03333333,9.666666667,0.7,0.3,0.066666667,208.1333333,201.4,186.7666667
Washington,General,2010,22.45820685,21.16024976,15.25326929,20.95210631,20.84084763,16.31011786,15.4,14.06666667,10.46666667,0.666666667,0.333333333,0.2,203.5333333,203.0666667,202.0333333
Washington,General,2011,21.79665269,20.51891514,16.00316311,19.11156365,19.02297969,15.73392259,16.13333333,14.8,11.26666667,1.933333333,0.9,0.1,166.8,166.0666667,163.0333333
West Virginia,Combined,2008,32.93663565,31.57122788,26.16730524,27.36004813,27.04110556,25.47831227,25.3,24.13333333,14.63333333,1.733333333,1.733333333,0.666666667,225.2666667,214.1666667,150.6
West Virginia,Combined,2009,32.94911579,31.44016473,26.59067345,31.31127243,30.62233276,28.96188938,20.6,19.18333333,13.98333333,1.733333333,0.5,0.2,319.6333333,302.1333333,300.7666667
West Virginia,Combined,2010,25.95237333,24.729824,20.960352,26.03696114,25.74946251,23.94645734,15.9,14.76666667,11.33333333,1.2,0.666666667,0.233333333,383.3333333,363.9333333,356.1333333
West Virginia,Combined,2011,23.31194733,22.00495002,19.00258554,22.59358599,22.39937051,20.73530427,15.21666667,13.98333333,10.98333333,2.966666667,1.933333333,0.933333333,178.1,164.1666667,164.0666667
Wisconsin,Combined,2008,26.12792704,24.94303356,20.54111048,21.93522315,21.82283384,18.98824336,18.53333333,17.36666667,15.26666667,0.9,0.9,0,210.3666667,203.2666667,177.6333333
Wisconsin,Combined,2009,29.19617611,27.97397334,23.42446479,22.9525078,22.89710729,20.51863467,21.83333333,20.6,18.56666667,1.133333333,0.7,0,246.2,242.3,151.0333333
Wisconsin,Combined,2010,27.95240991,26.67476395,21.25899451,22.36581636,22.34330169,21.27550238,21.13333333,19.8,13.03333333,1.566666667,1.4,0.133333333,247.7,242.7,154.8666667
Wisconsin,Combined,2011,29.53493869,28.26757066,23.1576995,22.79489568,22.70171159,21.42563365,22.83333333,21.53333333,16.56666667,1.933333333,1.433333333,0,273.5,268.5,168.7
Wyoming,Combined,2008,21.47838509,20.05374741,17.05668737,18.20637693,18.09215343,17.07495616,15.7,13.96666667,10.93333333,1.566666667,1.133333333,0.833333333,125.2,125.2,125.1
Wyoming,Combined,2009,20.21042245,18.80783225,16.10428615,18.26488407,18.1955073,17.36903301,14.46666667,13.03333333,10.53333333,1.366666667,0.5,0.066666667,132,131.3333333,131.3333333
Wyoming,Combined,2010,20.67290397,19.13458079,16.37389034,17.15612772,17.02599023,16.33431256,15.13333333,13.76666667,10.9,1.5,0.033333333,0,158.2,156.5,155.9333333
Wyoming,Combined,2011,21.1512,19.69072593,16.95042963,16.81923478,16.70755246,16.05138346,16.93333333,15.23333333,12.63333333,1.133333333,1.033333333,0.333333333,123.6,123.0333333,116.8666667